Product name,Detail page link,Image URL,Model No,SKU,Price
Google - Pixel 7 128GB (Unlocked) - Obsidian,https://www.bestbuy.com/site/google-pixel-7-128gb-unlocked-obsidian/6519950.p?skuId=6519950,https://pisces.bbystatic.com/image2/BestBuy_US/images/products/6519/6519950_sd.jpg;maxHeight=200;maxWidth=300,GA03923-US,6519950,599.00
Google - Pixel 7 Pro 128GB (Unlocked) - Obsidian,https://www.bestbuy.com/site/google-pixel-7-pro-128gb-unlocked-obsidian/6519915.p?skuId=6519915,https://pisces.bbystatic.com/image2/BestBuy_US/images/products/6519/6519915_sd.jpg;maxHeight=200;maxWidth=300,GA03453-US,6519915,899.00
BLU - V50 32GB (Unlocked) - Black,https://www.bestbuy.com/site/blu-v50-32gb-unlocked-black/6428098.p?skuId=6428098,https://pisces.bbystatic.com/image2/BestBuy_US/images/products/6428/6428098_sd.jpg;maxHeight=200;maxWidth=300,V0510WW,6428098,84.99
Motorola One 5G Ace 2021 (Unlocked) 128GB Memory - Frosted Silver,https://www.bestbuy.com/site/motorola-one-5g-ace-2021-unlocked-128gb-memory-frosted-silver/6441181.p?skuId=6441181,https://pisces.bbystatic.com/image2/BestBuy_US/images/products/6441/6441181_rd.jpg;maxHeight=200;maxWidth=300,PALK0003US,6441181,209.99
Google - Pixel 6 128GB (Unlocked) - Stormy Black,https://www.bestbuy.com/site/google-pixel-6-128gb-unlocked-stormy-black/6483635.p?skuId=6483635,https://pisces.bbystatic.com/image2/BestBuy_US/images/products/6483/6483635_sd.jpg;maxHeight=200;maxWidth=300,GA02900-US,6483635,399.00
Samsung - Galaxy A53 5G 128GB (Unlocked) - Awesome Black,https://www.bestbuy.com/site/samsung-galaxy-a53-5g-128gb-unlocked-awesome-black/6501376.p?skuId=6501376,https://pisces.bbystatic.com/image2/BestBuy_US/images/products/6501/6501376_sd.jpg;maxHeight=200;maxWidth=300,SM-A536UZKDXAA,6501376,349.99
Motorola - Moto G Stylus 128GB (2022 Unlocked) - Twilight Blue,https://www.bestbuy.com/site/motorola-moto-g-stylus-128gb-2022-unlocked-twilight-blue/6492854.p?skuId=6492854,https://pisces.bbystatic.com/image2/BestBuy_US/images/products/6492/6492854_sd.jpg;maxHeight=200;maxWidth=300,PAT40000US,6492854,199.99
Motorola - Moto G Power 2021 (Unlocked) 64GB Memory - Flash Gray,https://www.bestbuy.com/site/motorola-moto-g-power-2021-unlocked-64gb-memory-flash-gray/6441178.p?skuId=6441178,https://pisces.bbystatic.com/image2/BestBuy_US/images/products/6441/6441178_rd.jpg;maxHeight=200;maxWidth=300,PALF0005US,6441178,149.99
Samsung - Galaxy A13 32GB (Unlocked) - Black,https://www.bestbuy.com/site/samsung-galaxy-a13-32gb-unlocked-black/6501378.p?skuId=6501378,https://pisces.bbystatic.com/image2/BestBuy_US/images/products/6501/6501378_sd.jpg;maxHeight=200;maxWidth=300,SM-A135UZKDXAA,6501378,189.99
Google - Pixel 6a 128GB (Unlocked) - Charcoal,https://www.bestbuy.com/site/google-pixel-6a-128gb-unlocked-charcoal/6509962.p?skuId=6509962,https://pisces.bbystatic.com/image2/BestBuy_US/images/products/6509/6509962_sd.jpg;maxHeight=200;maxWidth=300,GA02998-US,6509962,349.00
Apple - Pre-Owned iPhone 8 Plus 64GB (Unlocked) - Space Gray,https://www.bestbuy.com/site/apple-pre-owned-iphone-8-plus-64gb-unlocked-space-gray/6492541.p?skuId=6492541,https://pisces.bbystatic.com/image2/BestBuy_US/images/products/6492/6492541_sd.jpg;maxHeight=200;maxWidth=300,8P-64GB-GRY,6492541,249.99
OnePlus - Nord N200 5G 64GB (Unlocked) - Blue Quantum,https://www.bestbuy.com/site/oneplus-nord-n200-5g-64gb-unlocked-blue-quantum/6468089.p?skuId=6468089,https://pisces.bbystatic.com/image2/BestBuy_US/images/products/6468/6468089_rd.jpg;maxHeight=200;maxWidth=300,DE2117,6468089,199.99
OnePlus - Nord N20 5G - Blue Smoke (Unlocked),https://www.bestbuy.com/site/oneplus-nord-n20-5g-blue-smoke-unlocked/6508046.p?skuId=6508046,https://pisces.bbystatic.com/image2/BestBuy_US/images/products/6508/6508046_sd.jpg;maxHeight=200;maxWidth=300,CPH2459,6508046,249.99
Motorola - Moto G Stylus 5G 256GB (Unlocked) - Cosmic Emerald,https://www.bestbuy.com/site/motorola-moto-g-stylus-5g-256gb-unlocked-cosmic-emerald/6463049.p?skuId=6463049,https://pisces.bbystatic.com/image2/BestBuy_US/images/products/6463/6463049_sd.jpg;maxHeight=200;maxWidth=300,PAN00004US,6463049,249.99
Google - Pixel 7 256GB (Unlocked) - Obsidian,https://www.bestbuy.com/site/google-pixel-7-256gb-unlocked-obsidian/6519931.p?skuId=6519931,https://pisces.bbystatic.com/image2/BestBuy_US/images/products/6519/6519931_sd.jpg;maxHeight=200;maxWidth=300,GA04528-US,6519931,699.00
Motorola - Moto G Pure 32GB Memory (Unlocked) - Deep Indigo,https://www.bestbuy.com/site/motorola-moto-g-pure-32gb-memory-unlocked-deep-indigo/6476149.p?skuId=6476149,https://pisces.bbystatic.com/image2/BestBuy_US/images/products/6476/6476149_sd.jpg;maxHeight=200;maxWidth=300,PARU0002US,6476149,129.99
Motorola - Moto G Power (2022) 128GB (Unlocked) - Ice Blue,https://www.bestbuy.com/site/motorola-moto-g-power-2022-128gb-unlocked-ice-blue/6494854.p?skuId=6494854,https://pisces.bbystatic.com/image2/BestBuy_US/images/products/6494/6494854_sd.jpg;maxHeight=200;maxWidth=300,PASE0012US,6494854,179.99
Apple - Pre-Owned iPhone 8 64GB (Unlocked) - Space Gray,https://www.bestbuy.com/site/apple-pre-owned-iphone-8-64gb-unlocked-space-gray/6334396.p?skuId=6334396,https://pisces.bbystatic.com/image2/BestBuy_US/images/products/6334/6334396_sd.jpg;maxHeight=200;maxWidth=300,8 64GB GRAY RB,6334396,199.99
Google - Pixel 7 128GB (Unlocked) - Obsidian,https://www.bestbuy.com/site/google-pixel-7-128gb-unlocked-obsidian/6519950.p?skuId=6519950,https://pisces.bbystatic.com/image2/BestBuy_US/images/products/6519/6519950_sd.jpg;maxHeight=200;maxWidth=300,GA03923-US,6519950,599.00
Google - Pixel 7 Pro 128GB (Unlocked) - Obsidian,https://www.bestbuy.com/site/google-pixel-7-pro-128gb-unlocked-obsidian/6519915.p?skuId=6519915,https://pisces.bbystatic.com/image2/BestBuy_US/images/products/6519/6519915_sd.jpg;maxHeight=200;maxWidth=300,GA03453-US,6519915,899.00
BLU - V50 32GB (Unlocked) - Black,https://www.bestbuy.com/site/blu-v50-32gb-unlocked-black/6428098.p?skuId=6428098,https://pisces.bbystatic.com/image2/BestBuy_US/images/products/6428/6428098_sd.jpg;maxHeight=200;maxWidth=300,V0510WW,6428098,84.99
Motorola One 5G Ace 2021 (Unlocked) 128GB Memory - Frosted Silver,https://www.bestbuy.com/site/motorola-one-5g-ace-2021-unlocked-128gb-memory-frosted-silver/6441181.p?skuId=6441181,https://pisces.bbystatic.com/image2/BestBuy_US/images/products/6441/6441181_rd.jpg;maxHeight=200;maxWidth=300,PALK0003US,6441181,209.99
Google - Pixel 6 128GB (Unlocked) - Stormy Black,https://www.bestbuy.com/site/google-pixel-6-128gb-unlocked-stormy-black/6483635.p?skuId=6483635,https://pisces.bbystatic.com/image2/BestBuy_US/images/products/6483/6483635_sd.jpg;maxHeight=200;maxWidth=300,GA02900-US,6483635,399.00
Samsung - Galaxy A53 5G 128GB (Unlocked) - Awesome Black,https://www.bestbuy.com/site/samsung-galaxy-a53-5g-128gb-unlocked-awesome-black/6501376.p?skuId=6501376,https://pisces.bbystatic.com/image2/BestBuy_US/images/products/6501/6501376_sd.jpg;maxHeight=200;maxWidth=300,SM-A536UZKDXAA,6501376,349.99
Motorola - Moto G Stylus 128GB (2022 Unlocked) - Twilight Blue,https://www.bestbuy.com/site/motorola-moto-g-stylus-128gb-2022-unlocked-twilight-blue/6492854.p?skuId=6492854,https://pisces.bbystatic.com/image2/BestBuy_US/images/products/6492/6492854_sd.jpg;maxHeight=200;maxWidth=300,PAT40000US,6492854,199.99
Motorola - Moto G Power 2021 (Unlocked) 64GB Memory - Flash Gray,https://www.bestbuy.com/site/motorola-moto-g-power-2021-unlocked-64gb-memory-flash-gray/6441178.p?skuId=6441178,https://pisces.bbystatic.com/image2/BestBuy_US/images/products/6441/6441178_rd.jpg;maxHeight=200;maxWidth=300,PALF0005US,6441178,149.99
Samsung - Galaxy A13 32GB (Unlocked) - Black,https://www.bestbuy.com/site/samsung-galaxy-a13-32gb-unlocked-black/6501378.p?skuId=6501378,https://pisces.bbystatic.com/image2/BestBuy_US/images/products/6501/6501378_sd.jpg;maxHeight=200;maxWidth=300,SM-A135UZKDXAA,6501378,189.99
Google - Pixel 6a 128GB (Unlocked) - Charcoal,https://www.bestbuy.com/site/google-pixel-6a-128gb-unlocked-charcoal/6509962.p?skuId=6509962,https://pisces.bbystatic.com/image2/BestBuy_US/images/products/6509/6509962_sd.jpg;maxHeight=200;maxWidth=300,GA02998-US,6509962,349.00
Apple - Pre-Owned iPhone 8 Plus 64GB (Unlocked) - Space Gray,https://www.bestbuy.com/site/apple-pre-owned-iphone-8-plus-64gb-unlocked-space-gray/6492541.p?skuId=6492541,https://pisces.bbystatic.com/image2/BestBuy_US/images/products/6492/6492541_sd.jpg;maxHeight=200;maxWidth=300,8P-64GB-GRY,6492541,249.99
OnePlus - Nord N200 5G 64GB (Unlocked) - Blue Quantum,https://www.bestbuy.com/site/oneplus-nord-n200-5g-64gb-unlocked-blue-quantum/6468089.p?skuId=6468089,https://pisces.bbystatic.com/image2/BestBuy_US/images/products/6468/6468089_rd.jpg;maxHeight=200;maxWidth=300,DE2117,6468089,199.99
OnePlus - Nord N20 5G - Blue Smoke (Unlocked),https://www.bestbuy.com/site/oneplus-nord-n20-5g-blue-smoke-unlocked/6508046.p?skuId=6508046,https://pisces.bbystatic.com/image2/BestBuy_US/images/products/6508/6508046_sd.jpg;maxHeight=200;maxWidth=300,CPH2459,6508046,249.99
Motorola - Moto G Stylus 5G 256GB (Unlocked) - Cosmic Emerald,https://www.bestbuy.com/site/motorola-moto-g-stylus-5g-256gb-unlocked-cosmic-emerald/6463049.p?skuId=6463049,https://pisces.bbystatic.com/image2/BestBuy_US/images/products/6463/6463049_sd.jpg;maxHeight=200;maxWidth=300,PAN00004US,6463049,249.99
Google - Pixel 7 256GB (Unlocked) - Obsidian,https://www.bestbuy.com/site/google-pixel-7-256gb-unlocked-obsidian/6519931.p?skuId=6519931,https://pisces.bbystatic.com/image2/BestBuy_US/images/products/6519/6519931_sd.jpg;maxHeight=200;maxWidth=300,GA04528-US,6519931,699.00
Motorola - Moto G Pure 32GB Memory (Unlocked) - Deep Indigo,https://www.bestbuy.com/site/motorola-moto-g-pure-32gb-memory-unlocked-deep-indigo/6476149.p?skuId=6476149,https://pisces.bbystatic.com/image2/BestBuy_US/images/products/6476/6476149_sd.jpg;maxHeight=200;maxWidth=300,PARU0002US,6476149,129.99
Motorola - Moto G Power (2022) 128GB (Unlocked) - Ice Blue,https://www.bestbuy.com/site/motorola-moto-g-power-2022-128gb-unlocked-ice-blue/6494854.p?skuId=6494854,https://pisces.bbystatic.com/image2/BestBuy_US/images/products/6494/6494854_sd.jpg;maxHeight=200;maxWidth=300,PASE0012US,6494854,179.99
Apple - Pre-Owned iPhone 8 64GB (Unlocked) - Space Gray,https://www.bestbuy.com/site/apple-pre-owned-iphone-8-64gb-unlocked-space-gray/6334396.p?skuId=6334396,https://pisces.bbystatic.com/image2/BestBuy_US/images/products/6334/6334396_sd.jpg;maxHeight=200;maxWidth=300,8 64GB GRAY RB,6334396,199.99
Apple - Pre-Owned iPhone XS Max 64GB (Fully Unlocked) - Space Gray,https://www.bestbuy.com/site/apple-pre-owned-iphone-xs-max-64gb-fully-unlocked-space-gray/6463652.p?skuId=6463652,https://pisces.bbystatic.com/image2/BestBuy_US/images/products/6463/6463652_sd.jpg;maxHeight=200;maxWidth=300,XSMAX-64GB-GRY,6463652,349.99
Samsung - Galaxy A13 5G 64GB (Unlocked) - Black,https://www.bestbuy.com/site/samsung-galaxy-a13-5g-64gb-unlocked-black/6493970.p?skuId=6493970,https://pisces.bbystatic.com/image2/BestBuy_US/images/products/6493/6493970_sd.jpg;maxHeight=200;maxWidth=300,SM-A136UZKDXAA,6493970,249.99
BLU - S91 Pro 128GB (Unlocked) - Black,https://www.bestbuy.com/site/blu-s91-pro-128gb-unlocked-black/6510062.p?skuId=6510062,https://pisces.bbystatic.com/image2/BestBuy_US/images/products/6510/6510062cv16d.jpg;maxHeight=200;maxWidth=300,S0730WW,6510062,159.99
BLU - S91 64GB (Unlocked) - Black,https://www.bestbuy.com/site/blu-s91-64gb-unlocked-black/6510061.p?skuId=6510061,https://pisces.bbystatic.com/image2/BestBuy_US/images/products/6510/6510061_sd.jpg;maxHeight=200;maxWidth=300,S0710WW,6510061,129.99
Samsung - Galaxy A23 5G 64GB (Unlocked) - Black,https://www.bestbuy.com/site/samsung-galaxy-a23-5g-64gb-unlocked-black/6516938.p?skuId=6516938,https://pisces.bbystatic.com/image2/BestBuy_US/images/products/6516/6516938_sd.jpg;maxHeight=200;maxWidth=300,SM-A236UZKDXAA,6516938,299.99
Samsung - Galaxy S22 Ultra 256GB (Unlocked) - Phantom Black,https://www.bestbuy.com/site/samsung-galaxy-s22-ultra-256gb-unlocked-phantom-black/6494441.p?skuId=6494441,https://pisces.bbystatic.com/image2/BestBuy_US/images/products/6494/6494441_sd.jpg;maxHeight=200;maxWidth=300,SM-S908UZKEXAA,6494441,"1,299.99"
Samsung - Galaxy S22 128GB (Unlocked) - Phantom Black,https://www.bestbuy.com/site/samsung-galaxy-s22-128gb-unlocked-phantom-black/6494419.p?skuId=6494419,https://pisces.bbystatic.com/image2/BestBuy_US/images/products/6494/6494419_sd.jpg;maxHeight=200;maxWidth=300,SM-S901UZKAXAA,6494419,799.99
Motorola - Moto G Stylus 5G 256GB (2022 Unlocked) - Steel Blue,https://www.bestbuy.com/site/motorola-moto-g-stylus-5g-256gb-2022-unlocked-steel-blue/6501830.p?skuId=6501830,https://pisces.bbystatic.com/image2/BestBuy_US/images/products/6501/6501830_sd.jpg;maxHeight=200;maxWidth=300,PATJ0002US,6501830,349.99
Samsung - Galaxy S22 Ultra 128GB (Unlocked) - Phantom Black,https://www.bestbuy.com/site/samsung-galaxy-s22-ultra-128gb-unlocked-phantom-black/6494439.p?skuId=6494439,https://pisces.bbystatic.com/image2/BestBuy_US/images/products/6494/6494439_sd.jpg;maxHeight=200;maxWidth=300,SM-S908UZKAXAA,6494439,"1,199.99"
Samsung - Galaxy Z Flip4 256GB (Unlocked) - Graphite,https://www.bestbuy.com/site/samsung-galaxy-z-flip4-256gb-unlocked-graphite/6512619.p?skuId=6512619,https://pisces.bbystatic.com/image2/BestBuy_US/images/products/6512/6512619_sd.jpg;maxHeight=200;maxWidth=300,SM-F721UZAEXAA,6512619,859.99
Samsung - Galaxy S21 FE 5G 128GB (Unlocked) - Navy,https://www.bestbuy.com/site/samsung-galaxy-s21-fe-5g-128gb-unlocked-navy/6465019.p?skuId=6465019,https://pisces.bbystatic.com/image2/BestBuy_US/images/products/6465/6465019cv18d.jpg;maxHeight=200;maxWidth=300,SM-G990UZBDXAA,6465019,499.99
OnePlus - 10 Pro 5G 8GB+128GB - Volcanic Black (Unlocked),https://www.bestbuy.com/site/oneplus-10-pro-5g-8gb-128gb-volcanic-black-unlocked/6500266.p?skuId=6500266,https://pisces.bbystatic.com/image2/BestBuy_US/images/products/6500/6500266_bd.jpg;maxHeight=200;maxWidth=300,NE2215,6500266,599.99
Samsung - Geek Squad Certified Refurbished Galaxy A42 5G 128GB (Unlocked) - Black,https://www.bestbuy.com/site/samsung-geek-squad-certified-refurbished-galaxy-a42-5g-128gb-unlocked-black/6472627.p?skuId=6472627,https://pisces.bbystatic.com/image2/BestBuy_US/images/products/6472/6472627_sd.jpg;maxHeight=200;maxWidth=300,GSRF SM-A426UZKBXAA,6472627,399.99
OnePlus - 9 Pro 5G 256GB (Unlocked) - Pine Green,https://www.bestbuy.com/site/oneplus-9-pro-5g-256gb-unlocked-pine-green/6457031.p?skuId=6457031,https://pisces.bbystatic.com/image2/BestBuy_US/images/products/6457/6457031_sd.jpg;maxHeight=200;maxWidth=300,LE2125,6457031,699.99
Sony - Xperia PRO-I 5G 512GB (Unlocked) - Black,https://www.bestbuy.com/site/sony-xperia-pro-i-5g-512gb-unlocked-black/6489669.p?skuId=6489669,https://pisces.bbystatic.com/image2/BestBuy_US/images/products/6489/6489669_sd.jpg;maxHeight=200;maxWidth=300,XQBE62/B,6489669,"1,099.99"
OnePlus - 10T 5G 8GB+128GB - Moonstone Black (Unlocked),https://www.bestbuy.com/site/oneplus-10t-5g-8gb-128gb-moonstone-black-unlocked/6517436.p?skuId=6517436,https://pisces.bbystatic.com/image2/BestBuy_US/images/products/6517/6517436_sd.jpg;maxHeight=200;maxWidth=300,CPH2417,6517436,649.99
Apple - Preowned iPhone X with 256GB Memory Cell Phone (Unlocked) - Space Gray,https://www.bestbuy.com/site/apple-preowned-iphone-x-with-256gb-memory-cell-phone-unlocked-space-gray/6394667.p?skuId=6394667,https://pisces.bbystatic.com/image2/BestBuy_US/images/products/6394/6394667_sd.jpg;maxHeight=200;maxWidth=300,X 256GB GRAY RB,6394667,329.99
Google - Pixel 7 Pro 512GB (Unlocked) - Obsidian,https://www.bestbuy.com/site/google-pixel-7-pro-512gb-unlocked-obsidian/6519921.p?skuId=6519921,https://pisces.bbystatic.com/image2/BestBuy_US/images/products/6519/6519921_sd.jpg;maxHeight=200;maxWidth=300,GA03459-US,6519921,"1,099.00"
Motorola - Edge 2022 5G - 256GB (Unlocked) - Mineral Gray,https://www.bestbuy.com/site/motorola-edge-2022-5g-256gb-unlocked-mineral-gray/6514621.p?skuId=6514621,https://pisces.bbystatic.com/image2/BestBuy_US/images/products/6514/6514621_sd.jpg;maxHeight=200;maxWidth=300,PAUJ0001US,6514621,499.99
Apple - Pre-Owned iPhone 8 Plus 64GB Phone (Unlocked) - Gold,https://www.bestbuy.com/site/apple-pre-owned-iphone-8-plus-64gb-phone-unlocked-gold/6305062.p?skuId=6305062,https://pisces.bbystatic.com/image2/BestBuy_US/images/products/6305/6305062_sd.jpg;maxHeight=200;maxWidth=300,8P 64GB GOLD RB,6305062,229.99
Motorola Edge 256GB (Unlocked) 2021 - Nebula Blue,https://www.bestbuy.com/site/motorola-edge-256gb-unlocked-2021-nebula-blue/6472092.p?skuId=6472092,https://pisces.bbystatic.com/image2/BestBuy_US/images/products/6472/6472092_rd.jpg;maxHeight=200;maxWidth=300,PANX0000US,6472092,349.99
Google - Pixel 6 Pro 256GB (Unlocked) - Stormy Black,https://www.bestbuy.com/site/google-pixel-6-pro-256gb-unlocked-stormy-black/6483638.p?skuId=6483638,https://pisces.bbystatic.com/image2/BestBuy_US/images/products/6483/6483638_sd.jpg;maxHeight=200;maxWidth=300,GA02258-US,6483638,749.00
Google - Pixel 6 256GB (Unlocked) - Sorta Seafoam,https://www.bestbuy.com/site/google-pixel-6-256gb-unlocked-sorta-seafoam/6483645.p?skuId=6483645,https://pisces.bbystatic.com/image2/BestBuy_US/images/products/6483/6483645_sd.jpg;maxHeight=200;maxWidth=300,GA03910-US,6483645,499.00
Samsung - Galaxy S22 Ultra 512GB (Unlocked) - Phantom Black,https://www.bestbuy.com/site/samsung-galaxy-s22-ultra-512gb-unlocked-phantom-black/6494427.p?skuId=6494427,https://pisces.bbystatic.com/image2/BestBuy_US/images/products/6494/6494427_sd.jpg;maxHeight=200;maxWidth=300,SM-S908UZKFXAA,6494427,"1,399.99"
Samsung - Galaxy Z Fold4 1TB (Unlocked) - Phantom Black,https://www.bestbuy.com/site/samsung-galaxy-z-fold4-1tb-unlocked-phantom-black/6512616.p?skuId=6512616,https://pisces.bbystatic.com/image2/BestBuy_US/images/products/6512/6512616_sd.jpg;maxHeight=200;maxWidth=300,SM-F936UZKFXAA,6512616,"1,759.99"
Samsung - Galaxy Z Fold4 256GB (Unlocked) - Phantom Black,https://www.bestbuy.com/site/samsung-galaxy-z-fold4-256gb-unlocked-phantom-black/6512622.p?skuId=6512622,https://pisces.bbystatic.com/image2/BestBuy_US/images/products/6512/6512622_sd.jpg;maxHeight=200;maxWidth=300,SM-F936UZKAXAA,6512622,"1,399.99"
Motorola - Moto G Stylus (2021) 128GB Memory (Unlocked) - Aurora Black,https://www.bestbuy.com/site/motorola-moto-g-stylus-2021-128gb-memory-unlocked-aurora-black/6441177.p?skuId=6441177,https://pisces.bbystatic.com/image2/BestBuy_US/images/products/6441/6441177_sd.jpg;maxHeight=200;maxWidth=300,PAL80002US,6441177,179.99
Motorola - Moto G Play (2021) 32GB Memory (Unlocked) - Misty Blue,https://www.bestbuy.com/site/motorola-moto-g-play-2021-32gb-memory-unlocked-misty-blue/6441176.p?skuId=6441176,https://pisces.bbystatic.com/image2/BestBuy_US/images/products/6441/6441176_rd.jpg;maxHeight=200;maxWidth=300,PAL60003US,6441176,149.99
OnePlus - 9 5G 128GB (Unlocked) - Astral Black,https://www.bestbuy.com/site/oneplus-9-5g-128gb-unlocked-astral-black/6457035.p?skuId=6457035,https://pisces.bbystatic.com/image2/BestBuy_US/images/products/6457/6457035_sd.jpg;maxHeight=200;maxWidth=300,LE2115,6457035,499.99
Samsung - Galaxy Z Flip4 128GB (Unlocked) - Graphite,https://www.bestbuy.com/site/samsung-galaxy-z-flip4-128gb-unlocked-graphite/6512618.p?skuId=6512618,https://pisces.bbystatic.com/image2/BestBuy_US/images/products/6512/6512618_sd.jpg;maxHeight=200;maxWidth=300,SM-F721UZAAXAA,6512618,799.99
OnePlus - 8T 5G 256G (Unlocked) - Aquamarine Green,https://www.bestbuy.com/site/oneplus-8t-5g-256g-unlocked-aquamarine-green/6448201.p?skuId=6448201,https://pisces.bbystatic.com/image2/BestBuy_US/images/products/6448/6448201_sd.jpg;maxHeight=200;maxWidth=300,KB2005,6448201,599.99
Nokia - G10 32GB (Unlocked) - Night,https://www.bestbuy.com/site/nokia-g10-32gb-unlocked-night/6462915.p?skuId=6462915,https://pisces.bbystatic.com/image2/BestBuy_US/images/products/6462/6462915_sd.jpg;maxHeight=200;maxWidth=300,TA-1338,6462915,149.99
Samsung - Galaxy Z Fold4 512GB (Unlocked) - Phantom Black,https://www.bestbuy.com/site/samsung-galaxy-z-fold4-512gb-unlocked-phantom-black/6512625.p?skuId=6512625,https://pisces.bbystatic.com/image2/BestBuy_US/images/products/6512/6512625_sd.jpg;maxHeight=200;maxWidth=300,SM-F936UZKEXAA,6512625,"1,519.99"
Motorola Edge+ 512GB (Unlocked) 2022 - Cosmos Blue - Cosmos Blue,https://www.bestbuy.com/site/motorola-edge-512gb-unlocked-2022-cosmos-blue-cosmos-blue/6496780.p?skuId=6496780,https://pisces.bbystatic.com/image2/BestBuy_US/images/products/6496/6496780_sd.jpg;maxHeight=200;maxWidth=300,PAT60000US,6496780,699.99
Motorola - Moto G 5G 256GB (2022 Unlocked) - Moonlight Gray,https://www.bestbuy.com/site/motorola-moto-g-5g-256gb-2022-unlocked-moonlight-gray/6501829.p?skuId=6501829,https://pisces.bbystatic.com/image2/BestBuy_US/images/products/6501/6501829_sd.jpg;maxHeight=200;maxWidth=300,PATE0002US,6501829,299.99
Samsung - Galaxy S22+ 256GB (Unlocked) - Phantom Black,https://www.bestbuy.com/site/samsung-galaxy-s22-256gb-unlocked-phantom-black/6494449.p?skuId=6494449,https://pisces.bbystatic.com/image2/BestBuy_US/images/products/6494/6494449_sd.jpg;maxHeight=200;maxWidth=300,SM-S906UZKEXAA,6494449,"1,049.99"
Motorola - Moto G Power 2021 (Unlocked) 32GB Memory - Polar Silver,https://www.bestbuy.com/site/motorola-moto-g-power-2021-unlocked-32gb-memory-polar-silver/6441184.p?skuId=6441184,https://pisces.bbystatic.com/image2/BestBuy_US/images/products/6441/6441184_rd.jpg;maxHeight=200;maxWidth=300,PALF0011US,6441184,139.99
Samsung - Galaxy S22 256GB (Unlocked) - Phantom Black,https://www.bestbuy.com/site/samsung-galaxy-s22-256gb-unlocked-phantom-black/6494418.p?skuId=6494418,https://pisces.bbystatic.com/image2/BestBuy_US/images/products/6494/6494418_sd.jpg;maxHeight=200;maxWidth=300,SM-S901UZKEXAA,6494418,849.99
BLU - G91s 128GB (Unlocked) - Olive Green,https://www.bestbuy.com/site/blu-g91s-128gb-unlocked-olive-green/6502969.p?skuId=6502969,https://pisces.bbystatic.com/image2/BestBuy_US/images/products/6502/6502969_sd.jpg;maxHeight=200;maxWidth=300,G0550WW,6502969,219.99
Google - Pixel 7 Pro 256GB (Unlocked) - Hazel,https://www.bestbuy.com/site/google-pixel-7-pro-256gb-unlocked-hazel/6519925.p?skuId=6519925,https://pisces.bbystatic.com/image2/BestBuy_US/images/products/6519/6519925_sd.jpg;maxHeight=200;maxWidth=300,GA03458-US,6519925,999.00
Apple - Preowned iPhone X 64GB (Unlocked) - Silver,https://www.bestbuy.com/site/apple-preowned-iphone-x-64gb-unlocked-silver/6394668.p?skuId=6394668,https://pisces.bbystatic.com/image2/BestBuy_US/images/products/6394/6394668_sd.jpg;maxHeight=200;maxWidth=300,X 64GB SILVER RB,6394668,279.99
Sony - Xperia 1 III 5G 256GB (Unlocked) - Black,https://www.bestbuy.com/site/sony-xperia-1-iii-5g-256gb-unlocked-black/6470455.p?skuId=6470455,https://pisces.bbystatic.com/image2/BestBuy_US/images/products/6470/6470455cv13d.jpg;maxHeight=200;maxWidth=300,XQBC62/B,6470455,899.99
Samsung - Galaxy S22+ 128GB (Unlocked) - Phantom Black,https://www.bestbuy.com/site/samsung-galaxy-s22-128gb-unlocked-phantom-black/6494432.p?skuId=6494432,https://pisces.bbystatic.com/image2/BestBuy_US/images/products/6494/6494432_sd.jpg;maxHeight=200;maxWidth=300,SM-S906UZKAXAA,6494432,999.99
BLU - V81 64GB (Unlocked) - Black,https://www.bestbuy.com/site/blu-v81-64gb-unlocked-black/6455362.p?skuId=6455362,https://pisces.bbystatic.com/image2/BestBuy_US/images/products/6455/6455362_sd.jpg;maxHeight=200;maxWidth=300,V0630WW,6455362,149.99
Apple - Pre-Owned iPhone 11 Pro 256GB (Unlocked) - Space Gray,https://www.bestbuy.com/site/apple-pre-owned-iphone-11-pro-256gb-unlocked-space-gray/6502953.p?skuId=6502953,https://pisces.bbystatic.com/image2/BestBuy_US/images/products/6502/6502953_sd.jpg;maxHeight=200;maxWidth=300,MWAT2LL/A,6502953,629.99
Samsung - Pre-Owned Galaxy S21 Ultra 5G 256GB (Unlocked) - Phantom Black,https://www.bestbuy.com/site/samsung-pre-owned-galaxy-s21-ultra-5g-256gb-unlocked-phantom-black/6522438.p?skuId=6522438,https://pisces.bbystatic.com/image2/BestBuy_US/images/products/6522/6522438_sd.jpg;maxHeight=200;maxWidth=300,G998U,6522438,699.99
Google - Pixel 6 Pro 128GB (Unlocked) - Stormy Black,https://www.bestbuy.com/site/google-pixel-6-pro-128gb-unlocked-stormy-black/6483636.p?skuId=6483636,https://pisces.bbystatic.com/image2/BestBuy_US/images/products/6483/6483636_sd.jpg;maxHeight=200;maxWidth=300,GA03149-US,6483636,649.00
Apple - Pre-Owned iPhone 11 Pro 64GB (Unlocked) - Space Gray,https://www.bestbuy.com/site/apple-pre-owned-iphone-11-pro-64gb-unlocked-space-gray/6502954.p?skuId=6502954,https://pisces.bbystatic.com/image2/BestBuy_US/images/products/6502/6502954_sd.jpg;maxHeight=200;maxWidth=300,MWAM2LL/A,6502954,529.99
Apple - Pre-Owned iPhone 8 256GB (Unlocked) - Space Gray,https://www.bestbuy.com/site/apple-pre-owned-iphone-8-256gb-unlocked-space-gray/6351963.p?skuId=6351963,https://pisces.bbystatic.com/image2/BestBuy_US/images/products/6351/6351963_sa.jpg;maxHeight=200;maxWidth=300,8 256GB GRAY RB,6351963,229.99
OnePlus - 10T 5G 16GB+256GB - Moonstone Black (Unlocked),https://www.bestbuy.com/site/oneplus-10t-5g-16gb-256gb-moonstone-black-unlocked/6517427.p?skuId=6517427,https://pisces.bbystatic.com/image2/BestBuy_US/images/products/6517/6517427_sd.jpg;maxHeight=200;maxWidth=300,CPH2417,6517427,749.99
Apple - Pre-Owned iPhone 7 128GB (Unlocked) - Black,https://www.bestbuy.com/site/apple-pre-owned-iphone-7-128gb-unlocked-black/6351946.p?skuId=6351946,https://pisces.bbystatic.com/image2/BestBuy_US/images/products/6351/6351946_sa.jpg;maxHeight=200;maxWidth=300,7 128GB BLACK-RB,6351946,152.99
Apple - Pre-Owned iPhone 11 Pro Max 256GB (Unlocked) - Space Gray,https://www.bestbuy.com/site/apple-pre-owned-iphone-11-pro-max-256gb-unlocked-space-gray/6502955.p?skuId=6502955,https://pisces.bbystatic.com/image2/BestBuy_US/images/products/6502/6502955_sd.jpg;maxHeight=200;maxWidth=300,A2161,6502955,749.99
BLU - V91 128GB (Unlocked) - Black,https://www.bestbuy.com/site/blu-v91-128gb-unlocked-black/6455375.p?skuId=6455375,https://pisces.bbystatic.com/image2/BestBuy_US/images/products/6455/6455375_sd.jpg;maxHeight=200;maxWidth=300,V0650WW,6455375,189.99
Samsung - Galaxy Z Flip4 512GB (Unlocked) - Graphite,https://www.bestbuy.com/site/samsung-galaxy-z-flip4-512gb-unlocked-graphite/6512624.p?skuId=6512624,https://pisces.bbystatic.com/image2/BestBuy_US/images/products/6512/6512624_sd.jpg;maxHeight=200;maxWidth=300,SM-F721UZAFXAA,6512624,979.99
Apple - Pre-Owned iPhone 11 Pro Max 64GB (Unlocked) - Gold,https://www.bestbuy.com/site/apple-pre-owned-iphone-11-pro-max-64gb-unlocked-gold/6502958.p?skuId=6502958,https://pisces.bbystatic.com/image2/BestBuy_US/images/products/6502/6502958_sd.jpg;maxHeight=200;maxWidth=300,A2161,6502958,649.99
Samsung - Galaxy Z Fold3 5G 256GB(Unlocked) - Phantom Green,https://www.bestbuy.com/site/samsung-galaxy-z-fold3-5g-256gbunlocked-phantom-green/6466001.p?skuId=6466001,https://pisces.bbystatic.com/image2/BestBuy_US/images/products/6466/6466001_sd.jpg;maxHeight=200;maxWidth=300,SM-F926UZGAXAA,6466001,"1,799.99"
Samsung - Galaxy Z Flip3 5G 128GB (Unlocked) - Phantom Black,https://www.bestbuy.com/site/samsung-galaxy-z-flip3-5g-128gb-unlocked-phantom-black/6466010.p?skuId=6466010,https://pisces.bbystatic.com/image2/BestBuy_US/images/products/6466/6466010_sd.jpg;maxHeight=200;maxWidth=300,SM-F711UZKBXAA/SM-F711UZKAXAA,6466010,999.99
Sony - Xperia 1 IV 5G 512GB (Unlocked) - Black,https://www.bestbuy.com/site/sony-xperia-1-iv-5g-512gb-unlocked-black/6507767.p?skuId=6507767,https://pisces.bbystatic.com/image2/BestBuy_US/images/products/6507/6507767cv18d.jpg;maxHeight=200;maxWidth=300,XQCT62/B,6507767,"1,599.99"
Samsung - Galaxy A12 32GB(Unlocked) - Black,https://www.bestbuy.com/site/samsung-galaxy-a12-32gbunlocked-black/6452955.p?skuId=6452955,https://pisces.bbystatic.com/image2/BestBuy_US/images/products/6452/6452955_sd.jpg;maxHeight=200;maxWidth=300,SM-A125UZKDXAA,6452955,179.99
Samsung - Galaxy S21 FE 5G 128GB (Unlocked) - Lavender,https://www.bestbuy.com/site/samsung-galaxy-s21-fe-5g-128gb-unlocked-lavender/6466004.p?skuId=6466004,https://pisces.bbystatic.com/image2/BestBuy_US/images/products/6466/6466004_sd.jpg;maxHeight=200;maxWidth=300,SM-G990ULVDXAA,6466004,499.99
Sony - Xperia 5 III 5G 128GB (Unlocked) - Black,https://www.bestbuy.com/site/sony-xperia-5-iii-5g-128gb-unlocked-black/6470454.p?skuId=6470454,https://pisces.bbystatic.com/image2/BestBuy_US/images/products/6470/6470454_sd.jpg;maxHeight=200;maxWidth=300,XQBQ62/B,6470454,699.99
Samsung - Pre-Owned Galaxy S9 64GB 4G LTE (Unlocked) - Lilac Purple,https://www.bestbuy.com/site/samsung-pre-owned-galaxy-s9-64gb-4g-lte-unlocked-lilac-purple/6486851.p?skuId=6486851,https://pisces.bbystatic.com/image2/BestBuy_US/images/products/6486/6486851_sd.jpg;maxHeight=200;maxWidth=300,G960U,6486851,189.99
Apple - Pre-Owned iPhone 7 Plus with 128GB Memory Cell Phone (Unlocked) - Gold,https://www.bestbuy.com/site/apple-pre-owned-iphone-7-plus-with-128gb-memory-cell-phone-unlocked-gold/6305045.p?skuId=6305045,https://pisces.bbystatic.com/image2/BestBuy_US/images/products/6305/6305045_rd.jpg;maxHeight=200;maxWidth=300,7P 128GB GOLD RB,6305045,199.99
Samsung - Galaxy Note 10 256GB GSM/CDMA Unlocked - Pre-Owned - Aura White,https://www.bestbuy.com/site/samsung-galaxy-note-10-256gb-gsm-cdma-unlocked-pre-owned-aura-white/6486848.p?skuId=6486848,https://pisces.bbystatic.com/image2/BestBuy_US/images/products/6486/6486848_sd.jpg;maxHeight=200;maxWidth=300,N970U,6486848,349.99
Nokia - G20 128GB (Unlocked) - Night,https://www.bestbuy.com/site/nokia-g20-128gb-unlocked-night/6463674.p?skuId=6463674,https://pisces.bbystatic.com/image2/BestBuy_US/images/products/6463/6463674_sd.jpg;maxHeight=200;maxWidth=300,TA-1343,6463674,199.99
Samsung - Pre-Owned Galaxy S20 Ultra 128GB (Unlocked) - Cosmic Black,https://www.bestbuy.com/site/samsung-pre-owned-galaxy-s20-ultra-128gb-unlocked-cosmic-black/6522444.p?skuId=6522444,https://pisces.bbystatic.com/image2/BestBuy_US/images/products/6522/6522444_sd.jpg;maxHeight=200;maxWidth=300,SM-G988U,6522444,599.99
Apple - Pre-Owned iPhone 8 Plus 256GB 4G LTE (Unlocked) - Space Gray,https://www.bestbuy.com/site/apple-pre-owned-iphone-8-plus-256gb-4g-lte-unlocked-space-gray/6305033.p?skuId=6305033,https://pisces.bbystatic.com/image2/BestBuy_US/images/products/6305/6305033_rd.jpg;maxHeight=200;maxWidth=300,8P 256GB GRAY RB,6305033,299.99
"Schok - Classic Flip Phone (Unlocked GSM / Verizon) - Blue, Red",https://www.bestbuy.com/site/schok-classic-flip-phone-unlocked-gsm-verizon-blue-red/6491687.p?skuId=6491687,https://pisces.bbystatic.com/image2/BestBuy_US/images/products/6491/6491687_sd.jpg;maxHeight=200;maxWidth=300,SC3218,6491687,109.99
Nokia - XR20 5G 128GB (Unlocked) - Ultra Blue,https://www.bestbuy.com/site/nokia-xr20-5g-128gb-unlocked-ultra-blue/6486841.p?skuId=6486841,https://pisces.bbystatic.com/image2/BestBuy_US/images/products/6486/6486841_sd.jpg;maxHeight=200;maxWidth=300,TA-1371,6486841,399.99
Samsung - Galaxy S20+ 5G 128GB GSM/CDMA Unlocked - Pre-Owned - Cloud Blue,https://www.bestbuy.com/site/samsung-galaxy-s20-5g-128gb-gsm-cdma-unlocked-pre-owned-cloud-blue/6486843.p?skuId=6486843,https://pisces.bbystatic.com/image2/BestBuy_US/images/products/6486/6486843_sd.jpg;maxHeight=200;maxWidth=300,G986U,6486843,499.99
Samsung - Pre-Owned Galaxy S10E 128GB (Unlocked) - Prism Black,https://www.bestbuy.com/site/samsung-pre-owned-galaxy-s10e-128gb-unlocked-prism-black/6472153.p?skuId=6472153,https://pisces.bbystatic.com/image2/BestBuy_US/images/products/6472/6472153_sd.jpg;maxHeight=200;maxWidth=300,G970U,6472153,219.99
BLU - G91 Pro 128GB (Unlocked) - Graphite,https://www.bestbuy.com/site/blu-g91-pro-128gb-unlocked-graphite/6495549.p?skuId=6495549,https://pisces.bbystatic.com/image2/BestBuy_US/images/products/6495/6495549cv21d.jpg;maxHeight=200;maxWidth=300,G0530WW,6495549,209.99
Samsung - Galaxy S21 FE 5G 256GB (Unlocked) - Graphite,https://www.bestbuy.com/site/samsung-galaxy-s21-fe-5g-256gb-unlocked-graphite/6466012.p?skuId=6466012,https://pisces.bbystatic.com/image2/BestBuy_US/images/products/6466/6466012cv14d.jpg;maxHeight=200;maxWidth=300,SM-G990UZAGXAA,6466012,569.99
Sony - Xperia 5 IV 128GB (Unlocked) - Black,https://www.bestbuy.com/site/sony-xperia-5-iv-128gb-unlocked-black/6519449.p?skuId=6519449,https://pisces.bbystatic.com/image2/BestBuy_US/images/products/6519/6519449_rd.jpg;maxHeight=200;maxWidth=300,XQCQ62/B,6519449,999.99
Samsung - Galaxy S10 128GB GSM/CDMA Unlocked - Pre-Owned - Prism Blue,https://www.bestbuy.com/site/samsung-galaxy-s10-128gb-gsm-cdma-unlocked-pre-owned-prism-blue/6486852.p?skuId=6486852,https://pisces.bbystatic.com/image2/BestBuy_US/images/products/6486/6486852_sd.jpg;maxHeight=200;maxWidth=300,G973U,6486852,229.99
Apple - Pre-Owned iPhone 7 Plus with 32GB Memory Cell Phone (Unlocked) - Gold,https://www.bestbuy.com/site/apple-pre-owned-iphone-7-plus-with-32gb-memory-cell-phone-unlocked-gold/6219572.p?skuId=6219572,https://pisces.bbystatic.com/image2/BestBuy_US/images/products/6219/6219572_sd.jpg;maxHeight=200;maxWidth=300,7P 32GB GOLD RB,6219572,179.99
Samsung - Geek Squad Certified Refurbished Galaxy Z Fold3 5G 256GB (Unlocked) - Phantom Black,https://www.bestbuy.com/site/samsung-geek-squad-certified-refurbished-galaxy-z-fold3-5g-256gb-unlocked-phantom-black/6479341.p?skuId=6479341,https://pisces.bbystatic.com/image2/BestBuy_US/images/products/6479/6479341_sd.jpg;maxHeight=200;maxWidth=300,GSRF SM-F926UZKAXAA,6479341,"1,619.99"
Samsung - Galaxy Z Flip 5G 256GB (Unlocked) - Mystic Gray,https://www.bestbuy.com/site/samsung-galaxy-z-flip-5g-256gb-unlocked-mystic-gray/6420821.p?skuId=6420821,https://pisces.bbystatic.com/image2/BestBuy_US/images/products/6420/6420821_sd.jpg;maxHeight=200;maxWidth=300,SM-F707UZAAXAA,6420821,"1,199.99"
TCL 20S - Milky Way Black (Unlocked),https://www.bestbuy.com/site/tcl-20s-milky-way-black-unlocked/6472151.p?skuId=6472151,https://pisces.bbystatic.com/image2/BestBuy_US/images/products/6472/6472151cv11d.jpg;maxHeight=200;maxWidth=300,T773O,6472151,249.99
Apple - Pre-Owned Excellent iPhone SE 32GB (1st Generation) - Unlocked - Rose Gold,https://www.bestbuy.com/site/apple-pre-owned-excellent-iphone-se-32gb-1st-generation-unlocked-rose-gold/6334378.p?skuId=6334378,https://pisces.bbystatic.com/image2/BestBuy_US/images/products/6334/6334378_rd.jpg;maxHeight=200;maxWidth=300,SE 32GB ROSE GOLD CRB,6334378,129.99
Samsung - Pre-Owned Galaxy S9+ 64GB 4G LTE (Unlocked) - Coral Blue,https://www.bestbuy.com/site/samsung-pre-owned-galaxy-s9-64gb-4g-lte-unlocked-coral-blue/6486840.p?skuId=6486840,https://pisces.bbystatic.com/image2/BestBuy_US/images/products/6486/6486840_sd.jpg;maxHeight=200;maxWidth=300,G965U,6486840,229.99
Motorola - moto razr 5G 256GB (Unlocked) - Polished Graphite,https://www.bestbuy.com/site/motorola-moto-razr-5g-256gb-unlocked-polished-graphite/6425587.p?skuId=6425587,https://pisces.bbystatic.com/image2/BestBuy_US/images/products/6425/6425587_sd.jpg;maxHeight=200;maxWidth=300,PAJS0007US,6425587,799.99
Apple - Pre-Owned Excellent iPhone 8 Plus 64GB (Unlocked) - Gold,https://www.bestbuy.com/site/apple-pre-owned-excellent-iphone-8-plus-64gb-unlocked-gold/6305001.p?skuId=6305001,https://pisces.bbystatic.com/image2/BestBuy_US/images/products/6305/6305001_sd.jpg;maxHeight=200;maxWidth=300,8P 64GB GOLD CRB,6305001,279.99
Samsung - Geek Squad Certified Refurbished Galaxy S22 Ultra 128GB (Unlocked) - Phantom Black,https://www.bestbuy.com/site/samsung-geek-squad-certified-refurbished-galaxy-s22-ultra-128gb-unlocked-phantom-black/6499939.p?skuId=6499939,https://pisces.bbystatic.com/image2/BestBuy_US/images/products/6499/6499939_rd.jpg;maxHeight=200;maxWidth=300,GSRF SM-S908UZKAXAA,6499939,"1,079.99"
CAT S62 Pro Smartphone - 4G Rugged Phone (Unlocked),https://www.bestbuy.com/site/cat-s62-pro-smartphone-4g-rugged-phone-unlocked/6464418.p?skuId=6464418,https://pisces.bbystatic.com/image2/BestBuy_US/images/products/6464/6464418_sd.jpg;maxHeight=200;maxWidth=300,CS62PDBBRONUN,6464418,649.99
Apple - Pre-Owned iPhone 8 Plus 256GB 4G LTE (Unlocked) - Red,https://www.bestbuy.com/site/apple-pre-owned-iphone-8-plus-256gb-4g-lte-unlocked-red/6439658.p?skuId=6439658,https://pisces.bbystatic.com/image2/BestBuy_US/images/products/6439/6439658_sd.jpg;maxHeight=200;maxWidth=300,8P-256GB-RED,6439658,299.99
Samsung - Galaxy Note 10+ 256GB Unlocked Cell Phone - Pre-Owned - Aura Glow,https://www.bestbuy.com/site/samsung-galaxy-note-10-256gb-unlocked-cell-phone-pre-owned-aura-glow/6486844.p?skuId=6486844,https://pisces.bbystatic.com/image2/BestBuy_US/images/products/6486/6486844_sd.jpg;maxHeight=200;maxWidth=300,N975U,6486844,419.99
CAT - S42 H+ 4G 128GB (Unlocked) - Black,https://www.bestbuy.com/site/cat-s42-h-4g-128gb-unlocked-black/6489693.p?skuId=6489693,https://pisces.bbystatic.com/image2/BestBuy_US/images/products/6489/6489693_sd.jpg;maxHeight=200;maxWidth=300,CS42HDBBRONNN,6489693,329.99
Microsoft - Surface Duo 2 5G 128GB (Unlocked) - Glacier,https://www.bestbuy.com/site/microsoft-surface-duo-2-5g-128gb-unlocked-glacier/6478247.p?skuId=6478247,https://pisces.bbystatic.com/image2/BestBuy_US/images/products/6478/6478247_sd.jpg;maxHeight=200;maxWidth=300,HZ1-00001,6478247,"1,499.99"
Nokia - 5.4 128GB (Unlocked) - Dusk,https://www.bestbuy.com/site/nokia-5-4-128gb-unlocked-dusk/6453855.p?skuId=6453855,https://pisces.bbystatic.com/image2/BestBuy_US/images/products/6453/6453855_sd.jpg;maxHeight=200;maxWidth=300,TA-1333,6453855,249.99
BLU - G51 Plus 64GB (Unlocked) - Gradient Blue,https://www.bestbuy.com/site/blu-g51-plus-64gb-unlocked-gradient-blue/6497041.p?skuId=6497041,https://pisces.bbystatic.com/image2/BestBuy_US/images/products/6497/6497041_sd.jpg;maxHeight=200;maxWidth=300,G0511WW,6497041,139.99
Samsung - Geek Squad Certified Refurbished Galaxy A42 5G 128GB (Unlocked) - Black,https://www.bestbuy.com/site/samsung-geek-squad-certified-refurbished-galaxy-a42-5g-128gb-unlocked-black/6505737.p?skuId=6505737,https://pisces.bbystatic.com/image2/BestBuy_US/images/products/6505/6505737cv13d.jpg;maxHeight=200;maxWidth=300,GSRF SM-A426UZKBXAA,6505737,359.99
Samsung - Geek Squad Certified Refurbished Galaxy Z Fold3 5G 512GB (Unlocked) - Phantom Black,https://www.bestbuy.com/site/samsung-geek-squad-certified-refurbished-galaxy-z-fold3-5g-512gb-unlocked-phantom-black/6479353.p?skuId=6479353,https://pisces.bbystatic.com/image2/BestBuy_US/images/products/6479/6479353_sd.jpg;maxHeight=200;maxWidth=300,GSRF SM-F926UZKEXAA,6479353,"1,709.99"
Samsung - Galaxy Z Flip3 5G 256GB (Unlocked) - Phantom Black,https://www.bestbuy.com/site/samsung-galaxy-z-flip3-5g-256gb-unlocked-phantom-black/6466015.p?skuId=6466015,https://pisces.bbystatic.com/image2/BestBuy_US/images/products/6466/6466015_sd.jpg;maxHeight=200;maxWidth=300,SM-F711UZKFXAA/SM-F711UZKEXAA,6466015,"1,049.99"
Nokia - G50 5G 128GB (Unlocked) - Ocean Blue,https://www.bestbuy.com/site/nokia-g50-5g-128gb-unlocked-ocean-blue/6486846.p?skuId=6486846,https://pisces.bbystatic.com/image2/BestBuy_US/images/products/6486/6486846_sd.jpg;maxHeight=200;maxWidth=300,TA-1390,6486846,279.99
TCL - 10 Pro with 128GB Memory Cell Phone (Unlocked) - Ember Gray,https://www.bestbuy.com/site/tcl-10-pro-with-128gb-memory-cell-phone-unlocked-ember-gray/6413607.p?skuId=6413607,https://pisces.bbystatic.com/image2/BestBuy_US/images/products/6413/6413607_sd.jpg;maxHeight=200;maxWidth=300,TCL 10 PRO,6413607,370.00
Samsung - Galaxy S10+ 128GB Unlocked GSM/CDMA - Pre-Owned - Prism Blue,https://www.bestbuy.com/site/samsung-galaxy-s10-128gb-unlocked-gsm-cdma-pre-owned-prism-blue/6486837.p?skuId=6486837,https://pisces.bbystatic.com/image2/BestBuy_US/images/products/6486/6486837_sd.jpg;maxHeight=200;maxWidth=300,G975U,6486837,279.99
Google - Geek Squad Certified Refurbished Pixel 3a XL - 64GB (Unlocked) - Clearly White,https://www.bestbuy.com/site/google-geek-squad-certified-refurbished-pixel-3a-xl-64gb-unlocked-clearly-white/6383408.p?skuId=6383408,https://pisces.bbystatic.com/image2/BestBuy_US/images/products/6383/6383408_sd.jpg;maxHeight=200;maxWidth=300,GSRF GA00665-US,6383408,431.99
Google - Geek Squad Certified Refurbished Pixel 3 - 64GB (Unlocked) - Just Black,https://www.bestbuy.com/site/google-geek-squad-certified-refurbished-pixel-3-64gb-unlocked-just-black/6383375.p?skuId=6383375,https://pisces.bbystatic.com/image2/BestBuy_US/images/products/6383/6383375_sd.jpg;maxHeight=200;maxWidth=300,GSRF GA00457-US,6383375,467.99
TCL 20 Pro 5G (Unlocked),https://www.bestbuy.com/site/tcl-20-pro-5g-unlocked/6472150.p?skuId=6472150,https://pisces.bbystatic.com/image2/BestBuy_US/images/products/6472/6472150_rd.jpg;maxHeight=200;maxWidth=300,T810S,6472150,499.99
Apple - Pre-Owned iPhone 7 32GB (Unlocked) - Silver,https://www.bestbuy.com/site/apple-pre-owned-iphone-7-32gb-unlocked-silver/6351960.p?skuId=6351960,https://pisces.bbystatic.com/image2/BestBuy_US/images/products/6351/6351960_sd.jpg;maxHeight=200;maxWidth=300,7 PLUS 32GB SILVER-RB,6351960,179.99
Apple - Pre-Owned iPhone XR 128GB (Unlocked) - Black,https://www.bestbuy.com/site/apple-pre-owned-iphone-xr-128gb-unlocked-black/6398614.p?skuId=6398614,https://pisces.bbystatic.com/image2/BestBuy_US/images/products/6398/6398614_sd.jpg;maxHeight=200;maxWidth=300,XR 128GB BLACK RB,6398614,339.99
Apple - iPhone SE (2nd generation) 128GB (Unlocked) - Black,https://www.bestbuy.com/site/apple-iphone-se-2nd-generation-128gb-unlocked-black/6389075.p?skuId=6389075,https://pisces.bbystatic.com/image2/BestBuy_US/images/products/6389/6389075_sd.jpg;maxHeight=200;maxWidth=300,MXCT2LL/A,6389075,449.99
Samsung - Galaxy S10 with 512GB Memory Cell Phone (Unlocked) Prism Prism - White,https://www.bestbuy.com/site/samsung-galaxy-s10-with-512gb-memory-cell-phone-unlocked-prism-prism-white/6323530.p?skuId=6323530,https://pisces.bbystatic.com/image2/BestBuy_US/images/products/6323/6323530_sd.jpg;maxHeight=200;maxWidth=300,SM-G973UZWEXAA,6323530,649.99
Samsung - Galaxy Fold with 512GB Memory Cell Phone (Unlocked) - Cosmos Black,https://www.bestbuy.com/site/samsung-galaxy-fold-with-512gb-memory-cell-phone-unlocked-cosmos-black/6377530.p?skuId=6377530,https://pisces.bbystatic.com/image2/BestBuy_US/images/products/6377/6377530_sd.jpg;maxHeight=200;maxWidth=300,SM-F900UZKDXAA,6377530,"1,781.99"
Samsung - Galaxy S20 Ultra 5G Enabled 128GB (Unlocked) - Cosmic Black,https://www.bestbuy.com/site/samsung-galaxy-s20-ultra-5g-enabled-128gb-unlocked-cosmic-black/6395758.p?skuId=6395758,https://pisces.bbystatic.com/image2/BestBuy_US/images/products/6395/6395758_sd.jpg;maxHeight=200;maxWidth=300,SM-G988UZKAXAA,6395758,"1,399.99"
Google - Pixel 4 with 64GB Cell Phone (Unlocked) - Just Black,https://www.bestbuy.com/site/google-pixel-4-with-64gb-cell-phone-unlocked-just-black/6382490.p?skuId=6382490,https://pisces.bbystatic.com/image2/BestBuy_US/images/products/6382/6382490_sd.jpg;maxHeight=200;maxWidth=300,GA01187-US,6382490,719.99
Samsung - Geek Squad Certified Refurbished Galaxy S20+ 5G Enabled 128GB (Unlocked) - Cosmic Gray,https://www.bestbuy.com/site/samsung-geek-squad-certified-refurbished-galaxy-s20-5g-enabled-128gb-unlocked-cosmic-gray/6406976.p?skuId=6406976,https://pisces.bbystatic.com/image2/BestBuy_US/images/products/6406/6406976_sd.jpg;maxHeight=200;maxWidth=300,GSFR SM-G986UZAAXAA,6406976,"1,079.99"
BLU - J9L 32GB (Unlocked) - Black,https://www.bestbuy.com/site/blu-j9l-32gb-unlocked-black/6480846.p?skuId=6480846,https://pisces.bbystatic.com/image2/BestBuy_US/images/products/6480/6480846_sd.jpg;maxHeight=200;maxWidth=300,J0091WW,6480846,99.99
Samsung - Geek Squad Certified Refurbished Galaxy S21 Ultra 5G 128GB (Unlocked) - Phantom Black,https://www.bestbuy.com/site/samsung-geek-squad-certified-refurbished-galaxy-s21-ultra-5g-128gb-unlocked-phantom-black/6472624.p?skuId=6472624,https://pisces.bbystatic.com/image2/BestBuy_US/images/products/6472/6472624_sd.jpg;maxHeight=200;maxWidth=300,GSRF SM-G998UZKAXAA,6472624,"1,299.99"
Motorola - moto razr 2020 5G (Unlocked) - Silver,https://www.bestbuy.com/site/motorola-moto-razr-2020-5g-unlocked-silver/6441185.p?skuId=6441185,https://pisces.bbystatic.com/image2/BestBuy_US/images/products/6441/6441185_sd.jpg;maxHeight=200;maxWidth=300,PAJS0009US,6441185,"1,399.99"
Google - Pixel 4 XL with 64GB Cell Phone (Unlocked) - Just Black,https://www.bestbuy.com/site/google-pixel-4-xl-with-64gb-cell-phone-unlocked-just-black/6382531.p?skuId=6382531,https://pisces.bbystatic.com/image2/BestBuy_US/images/products/6382/6382531_sd.jpg;maxHeight=200;maxWidth=300,GA01180-US,6382531,809.99
Samsung - Geek Squad Certified Refurbished Galaxy S21 FE 5G 128GB (Unlocked) - Graphite,https://www.bestbuy.com/site/samsung-geek-squad-certified-refurbished-galaxy-s21-fe-5g-128gb-unlocked-graphite/6505741.p?skuId=6505741,https://pisces.bbystatic.com/image2/BestBuy_US/images/products/6505/6505741_sd.jpg;maxHeight=200;maxWidth=300,GSRF SM-G990UZADXAA,6505741,629.99
Samsung - Galaxy Z Fold2  5G 256GB (Unlocked) - Bronze,https://www.bestbuy.com/site/samsung-galaxy-z-fold2-5g-256gb-unlocked-bronze/6426274.p?skuId=6426274,https://pisces.bbystatic.com/image2/BestBuy_US/images/products/6426/6426274_sd.jpg;maxHeight=200;maxWidth=300,SM-F916UZNAXAA,6426274,"1,799.99"
Google - Geek Squad Certified Refurbished Pixel 6 Pro 128GB (Unlocked) - Stormy Black,https://www.bestbuy.com/site/google-geek-squad-certified-refurbished-pixel-6-pro-128gb-unlocked-stormy-black/6486687.p?skuId=6486687,https://pisces.bbystatic.com/image2/BestBuy_US/images/products/6486/6486687_sd.jpg;maxHeight=200;maxWidth=300,GSRF GA03149-US,6486687,584.99
Google - Geek Squad Certified Refurbished Pixel 4 XL with 64GB Cell Phone (Unlocked) - Clearly White,https://www.bestbuy.com/site/google-geek-squad-certified-refurbished-pixel-4-xl-with-64gb-cell-phone-unlocked-clearly-white/6387630.p?skuId=6387630,https://pisces.bbystatic.com/image2/BestBuy_US/images/products/6387/6387630_sd.jpg;maxHeight=200;maxWidth=300,GSFR GA01181-US,6387630,809.99
Google - Geek Squad Certified Refurbished Pixel 4 with 64GB Cell Phone (Unlocked) - Clearly White,https://www.bestbuy.com/site/google-geek-squad-certified-refurbished-pixel-4-with-64gb-cell-phone-unlocked-clearly-white/6387638.p?skuId=6387638,https://pisces.bbystatic.com/image2/BestBuy_US/images/products/6387/6387638_sd.jpg;maxHeight=200;maxWidth=300,GSFR GA01188-US,6387638,719.99
Apple - iPhone 11 with 64GB Memory Cell Phone (Unlocked) - Purple,https://www.bestbuy.com/site/apple-iphone-11-with-64gb-memory-cell-phone-unlocked-purple/6223312.p?skuId=6223312,https://pisces.bbystatic.com/image2/BestBuy_US/images/products/6223/6223312_sd.jpg;maxHeight=200;maxWidth=300,MWKR2LL/A,6223312,599.99
TCL 20 Pro 5G - Marine Blue (Unlocked),https://www.bestbuy.com/site/tcl-20-pro-5g-marine-blue-unlocked/6472147.p?skuId=6472147,https://pisces.bbystatic.com/image2/BestBuy_US/images/products/6472/6472147_rd.jpg;maxHeight=200;maxWidth=300,T810S,6472147,499.99
Apple - Geek Squad Certified Refurbished iPhone X with 64GB Memory Cell Phone (Unlocked) - Space Gray,https://www.bestbuy.com/site/apple-geek-squad-certified-refurbished-iphone-x-with-64gb-memory-cell-phone-unlocked-space-gray/6449455.p?skuId=6449455,https://pisces.bbystatic.com/image2/BestBuy_US/images/products/6449/6449455_sd.jpg;maxHeight=200;maxWidth=300,GSRF MQCK2LL/A,6449455,809.99
OnePlus - Geek Squad Certified Refurbished 9 5G 128GB (Unlocked) - Astral Black,https://www.bestbuy.com/site/oneplus-geek-squad-certified-refurbished-9-5g-128gb-unlocked-astral-black/6501895.p?skuId=6501895,https://pisces.bbystatic.com/image2/BestBuy_US/images/products/6501/6501895_sd.jpg;maxHeight=200;maxWidth=300,GSRF LE2115,6501895,599.99
Samsung - Geek Squad Certified Refurbished Galaxy S21+ 5G 128GB (Unlocked) - Phantom Black,https://www.bestbuy.com/site/samsung-geek-squad-certified-refurbished-galaxy-s21-5g-128gb-unlocked-phantom-black/6463780.p?skuId=6463780,https://pisces.bbystatic.com/image2/BestBuy_US/images/products/6463/6463780_sd.jpg;maxHeight=200;maxWidth=300,GSRF SM-G996UZKAXAA,6463780,899.99
Apple - Pre-Owned iPhone 11 Pro 512GB (Unlocked) - Space Gray,https://www.bestbuy.com/site/apple-pre-owned-iphone-11-pro-512gb-unlocked-space-gray/6502952.p?skuId=6502952,https://pisces.bbystatic.com/image2/BestBuy_US/images/products/6502/6502952_sd.jpg;maxHeight=200;maxWidth=300,MWAX2LL/A,6502952,679.99
OnePlus - Geek Squad Certified Refurbished 9 Pro 5G 256GB (Unlocked) - Pine Green,https://www.bestbuy.com/site/oneplus-geek-squad-certified-refurbished-9-pro-5g-256gb-unlocked-pine-green/6501894.p?skuId=6501894,https://pisces.bbystatic.com/image2/BestBuy_US/images/products/6501/6501894_sd.jpg;maxHeight=200;maxWidth=300,GSRF LE2125,6501894,799.99
